INSERT INTO projects (id, title, category, funding_goal, start_date, end_date) VALUES (1, 'euro_trip', 'travel', 2000.00, '2017-06-30', '2017-07-31'), (2, 'grad_school', 'charity', 5000.00, '2017-06-15', '2017-08-01'), (3, 'medical_bills', 'charity', 10000.00, '2017-08-01', '2017-10-01'), (4, 'guitar', 'music', 300.00, '2017-05-01', '2017-06-01'), (5, 'roadtrip', 'travel', 800.00, '2017-06-02', '2017-06-15'), (6, 'teach english in china', 'charity', 1500.00, '2017-10-01', '2017-11-15'), (7, 'build a shed', 'charity', 100.00, '2017-06-01', '2017-06-30'), (8, 'go to the movies', 'charity', 15.00, '2017-05-20', '2017-05-27'), (9, 'take golf lessons', 'charity', 500.00, '2017-06-20', '2017-07-27'), (10, 'fix my garbage disposal', 'charity', 1000.00, '2017-07-21', '2017-08-27');

INSERT INTO users (id, name, age) VALUES (1, 'Garrett', 29), (2, 'Ashli', 27), (3, 'Griffin', 5), (4, 'Deacon', 10), (5, 'Ava', 30), (6, 'Mike', 50), (7, 'Lauri', 50), (8, 'Libby', 25), (9, 'Dalton', 27), (10, 'Max', 29), (11, 'Perry', 45), (12, 'Allen', 32), (13, 'Ray', 42), (14, 'Carl', 31), (15, 'Brendan', 30), (16, 'Ryan', 31), (17, 'Mel', 33), (18, 'Bo', 30), (19, 'Ed', 65), (20, 'June', 67);

INSERT INTO pledges (id, amount, user_id, project_id) VALUES 
(1, 10.00, 1, 2), 
(2, 20.00, 1, 3), 
(3, 40.00, 1, 4), 
(4, 50.00, 2, 3), 
(5, 10.00, 3, 2), 
(6, 20.00, 4, 4), 
(7, 40.00, 5, 10), 
(8, 60.00, 6, 10), 
(9, 50.00, 7, 9), 
(10, 700.00, 8, 8), 
(11, 1000.00, 8, 7), 
(12, 40.00, 9, 6), 
(13, 50.00, 9, 3), 
(14, 50.00, 10, 4), 
(15, 24.00, 12, 1), 
(16, 34.00, 11, 1), 
(17, 12.00, 13, 6), 
(18, 19.00, 14, 5), 
(19, 20.00, 15, 5), 
(20, 40.00, 16, 6), 
(21, 35.50, 17, 7), 
(22, 40.00, 18, 8), 
(23, 60.00, 19, 9), 
(24, 70.00, 20, 10), 
(25, 100.00, 20, 4), 
(26, 40.00, 19, 1), 
(27, 20.00, 18, 6), 
(28, 90.00, 17, 9), 
(29, 230.00, 16, 6), 
(30, 450.00, 15, 5); 